<?xml version="1.0"?>
<pagescount>
	<html_total>1</html_total>
	<html_done>1</html_done>
	<images>58</images>
	<script>9</script>
	<css>2</css>
	<pdf/>
	<documents/>
	<excel/>
	<powerpoint/>
	<flash/>
	<audios/>
	<videos/>
	<xml/>
	<json/>
	<txt/>
	<autocad/>
	<model_3d/>
	<fonts/>
	<scraping_reload>1</scraping_reload>
	<is_pretty_url>false</is_pretty_url>
	<has_trailing_slash>false</has_trailing_slash>
	<is_ebn>false</is_ebn>
	<email>lr.price@yahoo.com</email>
	<theme_name>WmdTheme420708</theme_name>
	<server_url_front_page>https://www.waybackmachinedownloader.com/scraping/files/demo/kerbyradres.github.io_lr.price_yahoo.com_khhbqlgo8u/</server_url_front_page>
	<no_www_url>kerbyradres.github.io</no_www_url>
	<hosted_domain/>
	<original_archive_url>https://web.archive.org/web/20201023110715/https://kerbyradres.github.io/boneage/</original_archive_url>
	<final_archive_url>https://web.archive.org/web/20201023110715/https://kerbyradres.github.io/boneage%2F</final_archive_url>
	<front_page_code_date>20201023110715</front_page_code_date>
	<total_urls_from_api/>
	<max_reached_live>false</max_reached_live>
	<scrape_other_captures>false</scrape_other_captures>
	<action/>
	<current_scraping_url/>
	<total_size>6716</total_size>
</pagescount>
